"pid","ts_id","mode","cond","session","start","end","duration","age","sex","yearsofedu","job","income","imc1","imc2","strat_evmax","strat_maxout","strat_befirst","strat_tradeoff","qual_focused","qual_effort","bonus","pid","cond","mode","samples","H","Hexp","n_chooser","tps","best","samp_diff"
"o3fe7r",1575302400,"solo","p40","alp1rni2pktfuj9tl0hlu2gda3",1575287407,1575302934,258.783333333333,37,"male","14","employed","1k_2k","correct","correct",100,76,NA,NA,100,100,3,"o3fe7r","p40","solo",5.25,0.75,0.8,0,3.31,4,1.2
"t7pgs7",1575302400,"comp","p20","3ddti778gvtdv3c5vf3g6arku6",1575298824,1575303158,72.2333333333333,40,"male","14","selfemployed","1k_2k","correct","correct",100,100,81,0,100,78,3.9,"t7pgs7","p20","comp",3,1,0.8,5,9.16,5,-2
"f9203e",1575302400,"comp","p20","nbc2g7fcnh1tlclo1ipgkb0p55",1575302110,1575302899,13.15,29,"male","15","employed","2k_3k","correct","correct",86,95,54,5,100,89,2.2,"f9203e","p20","comp",1,0.333333333333333,NA,3,23.5,3,-2
"cqnifj",1575302400,"comp","p20","llrta58ck845heuamso770ugt6",1575301680,1575303628,32.4666666666667,24,"female","18","employed","3k_4k","correct","correct",100,100,69,0,100,100,3.3,"cqnifj","p20","comp",4.75,0.25,1,4,14.11,3,1.8
"4056nv",1575302400,"comp","p20","ertp8btib6snk47jqatjvn9c15",1575300727,1575303536,46.8166666666667,35,"female","16","employed","1k_2k","correct","correct",100,100,100,80,100,100,3.4,"4056nv","p20","comp",4,0.6,0.6,5,13.82,3,1
"369vj1",1575302400,"comp","p20","m5ho04kd9r3j56njc86m529ui7",1575301150,1575303281,35.5166666666667,48,"female","15","employed","4k_5k","correct","correct",100,100,100,0,100,100,2.9,"369vj1","p20","comp",8.25,0.5,1,4,9.62,4,4.2
"vembrq",1575302400,"comp","p20","mno52d5p4k7cvie79nrokdpru7",1575301623,1575302973,22.5,50,"male","26","employed","5k_x","correct","correct",100,100,36,0,100,100,3.4,"vembrq","p20","comp",3,1,1,2,10.05,4,-1
"8no7lv",1575302400,"comp","p20","0mnalav4gp6qp8oqukgd1l8rs4",1575301795,1575302992,19.95,32,"female","16","employed","2k_3k","correct","correct",84,85,25,16,100,100,3,"8no7lv","p20","comp",1,1,NA,1,18.55,3,-2
"8vpiv9",1575302400,"comp","p20","ob7jqdnkak6ilsivgsv11nr393",1575301960,1575303127,19.45,38,"male","17","employed","1k_2k","correct","correct",62,64,94,1,100,100,1.3,"8vpiv9","p20","comp",1,0.6,NA,5,37.86,1,0
"29geu7",1575302400,"comp","p20","lj6j8235bn7cfslpn36m33ii44",1575302078,1575302946,14.4666666666667,31,"male","23","employed","1k_2k","correct","correct",78,58,88,57,100,87,2.7,"29geu7","p20","comp",3.33333333333333,1,1,3,10.32,4,-0.7
"tfirit",1575302400,"comp","p20","1mtvdbhclpf75ll7so9qhmnp02",1575302109,1575303397,21.4666666666667,65,"female","13","selfemployed","0_1k","correct","correct",89,96,30,6,98,84,4.6,"tfirit","p20","comp",5.5,0.5,1,2,10.14,4,1.5
"chb943",1575302400,"comp","p20","0rc7ug36vb4ajn3mnfpcnhhjj5",1575302122,1575303285,19.3833333333333,49,"male","12","employed","3k_4k","correct","correct",80,100,65,11,100,100,1.7,"chb943","p20","comp",4.5,0.5,1,2,19.74,3,1.5
"autap9",1575302400,"comp","p20","2u70cv3cq8ln581lfd9rcl4sk3",1575302289,1575303037,12.4666666666667,38,"male","16","employed","5k_x","correct","correct",100,33,81,12,79,92,4.3,"autap9","p20","comp",5.66666666666667,1,1,3,9.28,5,0.7
"drd2f8",1575302400,"comp","p20","kgluetamq0t35kfij640edmbv2",1575302296,1575303319,17.05,65,"female","17","employed","4k_5k","correct","correct",68,65,8,15,88,84,4.7,"drd2f8","p20","comp",NA,NA,NA,NA,8.29,5,NA
"up3nf7",1575302400,"comp","p20","73cspsb2ek44mu138gri7sjpt3",1575302329,1575303651,22.0333333333333,52,"female","12","selfemployed","0_1k","correct","correct",100,99,40,0,100,100,2.9,"up3nf7","p20","comp",4,0.5,1,2,15.52,3,1
"o68e9f",1575302400,"comp","p20","6katmkpgo874v8cqtiaa6evcl0",1575302343,1575303446,18.3833333333333,54,"female","14","employed","3k_4k","correct","correct",90,89,79,82,97,98,2.1,"o68e9f","p20","comp",2.8,0.8,0,5,14.96,3,-0.2
"1qang6",1575313200,"comp","p20","2m59mnh63mmbrcnj8m7gjaulp3",1575313041,1575314430,23.15,56,"female","NA","employed","0_1k","correct","correct",100,100,49,1,100,100,3,"1qang6","p20","comp",6,0.5,1,2,9.41,4,2
"1k8blc",1575313200,"comp","p20","9vd9cr07b7945vtd3aem9830q6",1575312568,1575313832,21.0666666666667,32,"male","16","employed","3k_4k","correct","correct",100,13,37,0,100,100,2.5,"1k8blc","p20","comp",2.66666666666667,1,0,3,12.94,4,-1.3
"sgbf03",1575313200,"comp","p20","8bme80the82k68oqat0jsjt6e3",1575312784,1575313798,16.9,23,"male","14","employed","1k_2k","correct","correct",89,100,100,92,73,75,3.9,"sgbf03","p20","comp",1.33333333333333,0.833333333333333,1,6,17.2,3,-1.7
"7ndf4q",1575313200,"comp","p20","q11id0qnrn6hecl26qg9bjsh26",1575312890,1575313704,13.5666666666667,26,"male","15","employed","2k_3k","correct","correct",90,97,52,34,71,98,3.5,"7ndf4q","p20","comp",1.5,0.5,0,2,14.56,3,-1.5
"2d5cig",1575313200,"comp","p20","j7be8dp63451fpcoteboc0ggc5",1575311583,1575313907,38.7333333333333,25,"male","13","selfemployed","1k_2k","correct","correct",71,84,69,68,91,82,1.5,"2d5cig","p20","comp",1.16666666666667,0.666666666666667,1,6,35.33,1,0.2
"tl16tk",1575313200,"comp","p20","r5gdt121eba4ammph0ennt1s62",1575312954,1575313647,11.55,26,"male","16","employed","1k_2k","correct","correct",94,86,38,13,94,93,3.9,"tl16tk","p20","comp",3,0.25,1,4,9.86,4,-1
"5eddrj",1575313200,"comp","p20","qjltfegtfs9v90p1pc1qk8k2v2",1575312639,1575313625,16.4333333333333,29,"male","13","employed","1k_2k","correct","correct",100,100,70,0,100,100,3.4,"5eddrj","p20","comp",3,1,0.666666666666667,3,8.91,5,-2
"20u8tk",1575313200,"comp","p20","3sr37hlme2gc4dtch5g8l4so73",1575312726,1575315304,42.9666666666667,24,"female","18","employed","0_1k","correct","correct",100,17,51,0,100,100,4.6,"20u8tk","p20","comp",5,0.666666666666667,1,3,41.87,1,4
"52gp9v",1575313200,"comp","p20","fv07j7k86ci0d8j8pumri5k836",1575312876,1575313691,13.5833333333333,26,"female","16","selfemployed","1k_2k","correct","correct",66,69,62,35,75,81,4.9,"52gp9v","p20","comp",2,0.333333333333333,1,3,14.44,3,-1
"i8h706",1575313200,"comp","p20","dpd1hvegqdjdl11ta28scnf033",1575312894,1575314360,24.4333333333333,28,"male","16","selfemployed","0_1k","correct","correct",74,100,100,100,100,100,4.6,"i8h706","p20","comp",1,0.75,NA,4,16,3,-2
"i2bmk1",1575313200,"comp","p20","8spqj2ar6773t7bmp1am4h8t43",1575312963,1575313787,13.7333333333333,33,"male","14","employed","2k_3k","correct","correct",87,87,50,11,81,92,3.2,"i2bmk1","p20","comp",2.66666666666667,0.333333333333333,1,3,10.22,4,-1.3
"5cfgii",1575313200,"comp","p20","ilid7ug9elgm106osn7bqa78c2",1575312986,1575315533,42.45,53,"male","17","employed","5k_x","correct","correct",91,91,73,58,100,95,5,"5cfgii","p20","comp",3.5,1,0.666666666666667,4,48.03,1,2.5
"6k1tu3",1575313200,"comp","p20","hp93lc4m95vu40o3og28812nr3",1575313060,1575313750,11.5,46,"female","14","employed","1k_2k","correct","correct",89,93,97,23,91,97,3.2,"6k1tu3","p20","comp",1.33333333333333,0.333333333333333,NA,3,7.86,5,-3.7
"3bqcdj",1575313200,"comp","p20","8huqc683l164usgmt59388ivs7",1575313080,1575313787,11.7833333333333,31,"female","13","employed","1k_2k","correct","correct",100,100,76,20,100,100,3.5,"3bqcdj","p20","comp",3,0.8,1,5,10.79,4,-1
"gvuca1",1575313200,"comp","p20","2hg38uf7qne74hjd47s5u8kcm3",1575313191,1575313630,7.31666666666667,19,"male","14","student","3k_4k","correct","correct",75,64,96,76,79,81,2.5,"gvuca1","p20","comp",3,0.25,1,4,9.09,5,-2
"bf6uhe",1575313200,"comp","p20","djvd66oro768cn199qtaq9hp31",1575313229,1575313832,10.05,41,"female","14","unemployed","0_1k","correct","correct",92,92,54,21,83,84,3.5,"bf6uhe","p20","comp",4.33333333333333,0.333333333333333,0.666666666666667,3,10.65,4,0.3
"mgnbeo",1575331200,"solo","p00","5u5ard4d4jcbdv4a39g4a381d1",1575330640,1575331740,18.3333333333333,25,"female","17","employed","3k_4k","correct","correct",100,86,NA,NA,93,97,2.2,"mgnbeo","p00","solo",11.75,0.875,0.875,0,2.88,1,10.8
"dl01nv",1575334800,"comp","p40","k5odlar6e77bipnpoaqd6c5o75",1575325373,1575335514,169.016666666667,27,"female","16","employed","2k_3k","correct","correct",63,66,94,79,97,91,1.8,"dl01nv","p40","comp",3.25,0.75,0.75,4,13.68,2,1.2
"4pccs4",1575486000,"solo","p20","nm3j5ofnpu71lgeifhmrh66o45",1575474500,1575486560,201,29,"male","16","employed","1k_2k","correct","correct",66,90,NA,NA,85,80,0.5,"4pccs4","p20","solo",2.75,0,0.5,0,6,5,-2.2
"es63pi",1575327600,"solo","p40","rg2p8tnhf53kbfqicpjqqvnb00",1575327048,1575328534,24.7666666666667,51,"female","18","employed","5k_x","correct","correct",100,100,NA,NA,99,100,2.9,"es63pi","p40","solo",27.5,0.875,1,0,2.69,4,23.5
"h4shpv",1575327600,"solo","p40","h0t8rj4icgai3i579u31n0k617",1575327067,1575328616,25.8166666666667,35,"female","16","employed","3k_4k","correct","correct",99,99,NA,NA,99,99,5,"h4shpv","p40","solo",18.375,1,1,0,3.53,4,14.4
"2r5c65",1575327600,"solo","p40","47nq4fs44khbb01pqqeje1tdr4",1575327169,1575328183,16.9,31,"male","16","employed","1k_2k","correct","correct",100,100,NA,NA,100,100,2.7,"2r5c65","p40","solo",6.625,0.75,0.75,0,2.58,4,2.6
"jfnmji",1575334800,"comp","p40","19dfgcp8he3614mguaj6drbtf5",1575333681,1575335678,33.2833333333333,24,"male","13","student","1k_2k","correct","correct",90,83,89,6,88,93,2.9,"jfnmji","p40","comp",3.5,1,0,2,23.07,1,2.5
"0hm338",1575331200,"solo","p00","641pe3bi9ukn52ts262n01bvb4",1575327887,1575331741,64.2333333333333,37,"male","18","employed","3k_4k","correct","correct",100,100,NA,NA,100,100,4.7,"0hm338","p00","solo",16.125,1,1,0,2.02,1,15.1
"t0a6ta",1575331200,"solo","p00","bupvjd2jfd55ul60drd8rk5q24",1575328951,1575331547,43.2666666666667,38,"male","14","employed","2k_3k","correct","correct",100,100,NA,NA,100,100,4.8,"t0a6ta","p00","solo",2,0.25,0.5,0,4.81,1,1
"okbsle",1575331200,"solo","p00","ai9ahjl9oh8vd5717494e8std7",1575329081,1575332048,49.45,27,"male","16","selfemployed","0_1k","correct","correct",100,17,NA,NA,77,77,4.8,"okbsle","p00","solo",29.5,0.875,0.875,0,1.75,1,28.5
"psvjn7",1575331200,"solo","p00","cccrnubgop478obeamcskd4aq3",1575329376,1575331565,36.4833333333333,30,"female","15","employed","0_1k","correct","correct",92,100,NA,NA,100,100,3.3,"psvjn7","p00","solo",6.25,1,1,0,2.72,1,5.2
"u1h2af",1575331200,"solo","p00","gdr2runu3cik0k71dpt8kd29s5",1575330685,1575332085,23.3333333333333,29,"male","15","employed","0_1k","correct","correct",75,75,NA,NA,99,100,3.8,"u1h2af","p00","solo",15.625,1,1,0,3.66,1,14.6
"ln14h1",1575331200,"solo","p00","dmogpl717bmdnhe2qd24c6ocs4",1575330867,1575332077,20.1666666666667,46,"male","17","employed","4k_5k","correct","correct",100,100,NA,NA,100,100,5.1,"ln14h1","p00","solo",14.625,1,1,0,2.13,1,13.6
"iojuf3",1575331200,"solo","p00","l2kac5ft52emr9gojfnq0a6hn2",1575331053,1575331751,11.6333333333333,23,"female","17","student","1k_2k","correct","correct",85,16,NA,NA,91,100,1.3,"iojuf3","p00","solo",14.375,1,1,0,2.12,1,13.4
"uhu9ga",1575331200,"solo","p00","1mn67se84stpfoof48pmn1qtu0",1575331061,1575331645,9.73333333333333,41,"male","16","employed","4k_5k","correct","correct",80,87,NA,NA,66,58,3.2,"uhu9ga","p00","solo",10.5,1,1,0,2.56,1,9.5
"hdkup2",1575331200,"solo","p00","t55c6trnqqo16hoc149v5cu4u4",1575331139,1575332007,14.4666666666667,31,"male","12","unemployed","0_1k","correct","correct",97,97,NA,NA,90,89,2.2,"hdkup2","p00","solo",21.375,0.875,0.875,0,2.36,1,20.4
"7i0ncg",1575334800,"comp","p40","q6thkbnr4h0am3s48j8r3aml60",1575334231,1575335474,20.7166666666667,55,"male","15","selfemployed","1k_2k","correct","correct",100,100,100,5,100,100,3,"7i0ncg","p40","comp",1.2,0.8,1,5,15.71,2,-0.8
"6mg7ug",1575334800,"comp","p40","davugc1k92hf7rogau6nphlb46",1575334697,1575335461,12.7333333333333,30,"male","16","employed","3k_4k","correct","correct",77,77,67,63,89,89,1.4,"6mg7ug","p40","comp",2.5,0.5,1,2,11.45,2,0.5
"a3ct69",1575334800,"comp","p40","ih42340qsj6kruvpf893upbpt3",1575334263,1575335989,28.7666666666667,27,"male","16","employed","2k_3k","correct","correct",97,100,52,24,100,100,2.8,"a3ct69","p40","comp",NA,NA,NA,NA,72.3,1,NA
"t43bgj",1575334800,"comp","p40","jerj35dvgh3vk5q92jpngbs424",1575334290,1575335653,22.7166666666667,47,"male","15","selfemployed","0_1k","correct","correct",100,100,100,0,100,100,4.3,"t43bgj","p40","comp",3.33333333333333,1,1,3,18.17,2,1.3
"d6gbsm",1575334800,"comp","p40","nld9vk4rf97vh4tkch2utvlcg1",1575334488,1575335969,24.6833333333333,51,"female","16","selfemployed","0_1k","correct","correct",100,100,84,85,100,100,3,"d6gbsm","p40","comp",5.33333333333333,1,1,3,12.16,2,3.3
"hhcnqr",1575334800,"comp","p40","uurmpf41482dl0ik958h0vaiu2",1575334508,1575335468,16,36,"female","14","employed","1k_2k","correct","correct",100,100,0,49,100,100,2.2,"hhcnqr","p40","comp",NA,NA,NA,NA,9.3,3,NA
"t8itcp",1575334800,"comp","p40","i94f4knc1or4fv542gtb2f4027",1575334631,1575335404,12.8833333333333,55,"female","18","employed","5k_x","correct","correct",97,96,55,3,100,100,1.7,"t8itcp","p40","comp",4.33333333333333,0.666666666666667,1,3,9.16,3,1.3
"na75bs",1575334800,"comp","p40","bpafirs2flntcd2lf51jm64ba7",1575334715,1575335974,20.9833333333333,25,"male","16","employed","2k_3k","correct","correct",100,100,29,35,100,100,4.2,"na75bs","p40","comp",5.5,1,1,2,12.29,2,3.5
"eg4g3m",1575334800,"comp","p40","74eclodsqr09ucspmk8qtbbu33",1575334717,1575335465,12.4666666666667,60,"female","14","employed","2k_3k","correct","correct",100,100,100,0,100,100,2.4,"eg4g3m","p40","comp",3,0.75,0.666666666666667,4,10.59,3,0
"2klh41",1575334800,"comp","p40","h1a0p9q0r7drtbg3j3r5np7pr7",1575334723,1575335492,12.8166666666667,35,"male","16","employed","2k_3k","correct","correct",72,71,77,10,73,84,2.6,"2klh41","p40","comp",2,0.5,1,2,8.96,3,-1
"gv7kq7",1575334800,"comp","p40","g3p2qekd8l4fto9r2kr1s9j5m1",1575334725,1575335864,18.9833333333333,32,"female","14","employed","0_1k","correct","correct",55,60,80,50,60,56,5.1,"gv7kq7","p40","comp",1,0,NA,1,74.2,1,0
"jafbm4",1575334800,"comp","p40","ptcvmp7vtdd3lumgg78snkq3i6",1575334748,1575335409,11.0166666666667,29,"female","15","employed","2k_3k","correct","correct",93,82,85,38,92,90,3.5,"jafbm4","p40","comp",2.75,1,0.75,4,11.36,2,0.8
"58b9se",1575334800,"comp","p40","7t4rvsou6vv2461f8g1rfnkti0",1575335134,1575335583,7.48333333333333,45,"female","16","employed","2k_3k","correct","correct",94,94,71,12,100,100,3.5,"58b9se","p40","comp",3,1,0,2,17.25,2,1
"b4prsm",1575403200,"solo","p00","1emgqa2f179jh990fv8lvunt15",1575402443,1575403807,22.7333333333333,40,"female","14","employed","0_1k","correct","correct",100,100,NA,NA,100,100,0.7,"b4prsm","p00","solo",8.5,0.875,0.875,0,3.75,1,7.5
"t9g7t8",1575410400,"solo","p40","7mdac2f8kkks7atpkfbcjjpu07",1575409914,1575411115,20.0166666666667,38,"female","16","employed","1k_2k","correct","correct",100,100,NA,NA,100,100,2.4,"t9g7t8","p40","solo",15.75,1,1,0,2.71,4,11.8
"uhl6pj",1575388800,"solo","p20","iut7o9eqec5tq5oj0tgui2e597",1575388388,1575389466,17.9666666666667,30,"female","14","employed","0_1k","correct","correct",99,99,NA,NA,100,100,3.6,"uhl6pj","p20","solo",14.75,0.75,0.875,0,2.95,7,7.8
"u8ipm9",1575396000,"comp","p40","ej7nrbcaommknri0fp48nm7696",1575395825,1575396803,16.3,34,"male","16","employed","5k_x","correct","correct",100,100,95,0,100,100,4.5,"u8ipm9","p40","comp",3,1,1,5,14.52,2,1
"tqctif",1575414000,"comp","p20","1fvq1gjhee9aht6rqs126mhnc6",1575380053,1575414898,580.75,57,"female","12","retired","2k_3k","correct","correct",82,78,80,51,87,82,4.2,"tqctif","p20","comp",3,1,0,2,16.19,3,0
"jo68nm",1575396000,"comp","p40","c1niu45urdi00ui7ds5kk548f4",1575380816,1575396845,267.15,37,"female","12","selfemployed","0_1k","correct","correct",100,96,54,8,100,100,1,"jo68nm","p40","comp",5,1,1,2,12.19,2,3
"rjjhra",1575410400,"solo","p40","14rce4tr73hlee5agqkjskm286",1575409963,1575411048,18.0833333333333,43,"female","20","employed","2k_3k","correct","correct",100,100,NA,NA,100,100,3.6,"rjjhra","p40","solo",14.375,1,1,0,2.9,4,10.4
"netk4a",1575403200,"solo","p00","ga35nh1rpif29qnej7k3bslo62",1575385318,1575403608,304.833333333333,25,"female","16","employed","3k_4k","correct","correct",100,100,NA,NA,77,78,5.3,"netk4a","p00","solo",10.25,1,1,0,2.27,1,9.2
"vm5ssl",1575396000,"comp","p40","1puma96fs60l4kia1gm1lt3542",1575394812,1575396480,27.8,29,"female","12","unemployed","0_1k","correct","correct",87,100,47,0,100,100,3.7,"vm5ssl","p40","comp",2,0.75,1,4,8.68,3,-1
"lrpdci",1575388800,"solo","p20","ivk7n4t9iq2q4rtln11njh3pn3",1575388067,1575389285,20.3,46,"female","14","NA","1k_2k","correct","correct",100,100,NA,NA,100,98,2.3,"lrpdci","p20","solo",7,0.75,1,0,2.71,7,0
"qummh0",1575388800,"solo","p20","lhj4dc8rbg6p2qdnm0ehfaaud1",1575388347,1575389294,15.7833333333333,24,"female","NA","selfemployed","1k_2k","correct","correct",100,99,NA,NA,100,100,4.9,"qummh0","p20","solo",14.375,0.625,0.875,0,1.97,8,6.4
"fg08t0",1575388800,"solo","p20","v2q14s2q5s89n7k1pve5od2ai1",1575388469,1575389420,15.85,29,"female","16","selfemployed","1k_2k","correct","correct",100,100,NA,NA,100,76,4.1,"fg08t0","p20","solo",22.125,1,1,0,1.68,9,13.1
"f972d1",1575388800,"solo","p20","8d79j2f6h2ot6b4dgodcj2knr2",1575388556,1575389282,12.1,40,"male","12","selfemployed","4k_5k","correct","correct",99,100,NA,NA,100,79,4,"f972d1","p20","solo",6.375,0.5,1,0,2.55,7,-0.6
"e8bled",1575388800,"solo","p20","uu2d803t4ve05jkh48tk4i0d17",1575388564,1575389343,12.9833333333333,61,"male","12","employed","4k_5k","correct","correct",100,100,NA,NA,100,100,2.8,"e8bled","p20","solo",8.25,0.75,1,0,2.94,7,1.2
"3nku0e",1575388800,"solo","p20","98gg4c16rt7e7fd5k53ir00cj4",1575388579,1575389525,15.7666666666667,53,"female","15","employed","1k_2k","correct","correct",100,100,NA,NA,100,100,5.3,"3nku0e","p20","solo",18.5,1,1,0,2.26,8,10.5
"ssn4up",1575388800,"solo","p20","2a2t1n3jc9muqa02f5tils1gr4",1575388633,1575389025,6.53333333333333,31,"female","15","selfemployed","1k_2k","correct","correct",54,76,NA,NA,61,65,3.2,"ssn4up","p20","solo",2.25,0.875,0.666666666666667,0,4.11,6,-3.8
"3rnrtj",1575388800,"solo","p20","uiu0l3vpp07mgb9kn4t72qj6e6",1575388721,1575389570,14.15,41,"female","13","employed","0_1k","correct","correct",87,95,NA,NA,97,96,3.5,"3rnrtj","p20","solo",20,0.75,1,0,2.53,7,13
"fbmea9",1575388800,"solo","p20","94uiq883dqgrgl4u2vfi67soj3",1575389085,1575389629,9.06666666666667,34,"male","14","selfemployed","1k_2k","correct","correct",100,100,NA,NA,100,84,5.3,"fbmea9","p20","solo",18.125,1,1,0,1.87,8,10.1
"qhkp2c",1575406800,"comp","p40","soddif48q3q98q8ch2hsvaklk5",1575406652,1575407658,16.7666666666667,47,"female","16","selfemployed","5k_x","correct","correct",93,93,82,15,100,100,4.2,"qhkp2c","p40","comp",1,0.5,NA,2,9.52,3,-2
"hgaua0",1575403200,"solo","p00","fkb05jjv21qmsr0j3ssspa6v67",1575390143,1575404550,240.116666666667,25,"male","14","employed","3k_4k","correct","correct",72,95,NA,NA,96,86,3.3,"hgaua0","p00","solo",12.5,1,1,0,2.82,1,11.5
"qbj1to",1575403200,"solo","p00","c6jl5sn589qccfhu1aogtrtbc0",1575391261,1575403834,209.55,45,"male","16","employed","2k_3k","correct","correct",98,98,NA,NA,100,95,0.7,"qbj1to","p00","solo",8.75,1,1,0,2.51,1,7.8
"c8v7db",1575403200,"solo","p00","s7uiro9c2opbedh6ligolhcan6",1575391833,1575403477,194.066666666667,36,"female","16","employed","3k_4k","correct","correct",87,89,NA,NA,100,100,3,"c8v7db","p00","solo",3.625,0.5,0.5,0,4,1,2.6
"fqgks0",1575486000,"solo","p20","b10v0frqlp4iroeljf0svusbn2",1575482584,1575486690,68.4333333333333,31,"female","15","unemployed","5k_x","correct","correct",100,100,NA,NA,96,96,3.6,"fqgks0","p20","solo",8,0.714285714285714,1,0,NA,NA,NA
"rqkvso",1575410400,"solo","p40","jbknsn1rk5ccunirts2idsb0t0",1575410016,1575411138,18.7,30,"male","17","employed","4k_5k","correct","correct",99,78,NA,NA,91,94,2.2,"rqkvso","p40","solo",1.875,0.375,1,0,18.4,2,-0.1
"1ba0np",1575396000,"comp","p40","au09dira6182ahuar2k635d0v6",1575395066,1575396501,23.9166666666667,45,"male","14","employed","5k_x","correct","correct",77,82,68,0,96,99,2.7,"1ba0np","p40","comp",2.83333333333333,0.666666666666667,0.8,6,10.71,3,-0.2
"4456qk",1575396000,"comp","p40","u3btiochr1728rde2a5r312mq3",1575395216,1575396803,26.45,25,"female","16","employed","0_1k","correct","correct",67,66,21,5,80,72,2.6,"4456qk","p40","comp",4,1,1,1,13.73,2,2
"os6d9t",1575396000,"comp","p40","fhn0jmorhmfo2c1h3mpml8qif4",1575395225,1575396845,27,26,"female","19","employed","2k_3k","correct","correct",100,100,100,19,100,100,5,"os6d9t","p40","comp",3.16666666666667,0.833333333333333,0.666666666666667,6,10.91,2,1.2
"nftdss",1575396000,"comp","p40","8o98vtdhdk18brdteod9bl72g3",1575395269,1575396747,24.6333333333333,33,"female","15","employed","1k_2k","correct","correct",78,57,66,15,100,66,4.1,"nftdss","p40","comp",2.5,0.75,1,4,15.55,2,0.5
"m35g7e",1575396000,"comp","p40","9cb396q9rsgnlf86c09je04sm0",1575395434,1575396653,20.3166666666667,38,"female","15","employed","2k_3k","correct","correct",99,98,100,64,100,100,4.6,"m35g7e","p40","comp",5,1,1,3,10,3,2
"vae19d",1575396000,"comp","p40","slcd66dkm00ornfbvp978fd2b2",1575395448,1575397044,26.6,36,"female","13","selfemployed","0_1k","correct","correct",100,99,91,1,100,100,1.7,"vae19d","p40","comp",3.25,0.25,1,4,15.93,2,1.2
"in1f6r",1575396000,"comp","p40","knu8d0frsqba08t1qgs4045vl2",1575395498,1575396695,19.95,38,"male","18","employed","3k_4k","correct","correct",100,100,55,0,100,100,3,"in1f6r","p40","comp",2.83333333333333,0.5,1,6,10.91,2,0.8
"nn90ni",1575396000,"comp","p40","jdjt10uft46p0nef4dh6g5sbf0",1575395540,1575396663,18.7166666666667,39,"female","17","employed","1k_2k","correct","correct",81,82,46,5,89,98,2.7,"nn90ni","p40","comp",4,0,1,1,10.67,3,1
"hum26c",1575396000,"comp","p40","nb4r0ak9epl217udqhrbvj46s6",1575395541,1575396811,21.1666666666667,33,"female","15","selfemployed","0_1k","correct","correct",79,69,98,22,100,100,3,"hum26c","p40","comp",3,1,0.666666666666667,3,14.83,2,1
"65p6l4",1575396000,"comp","p40","rtuvuquac05at9h2lnnnhmsgf0",1575395590,1575396642,17.5333333333333,32,"female","13","selfemployed","1k_2k","correct","correct",87,90,99,14,98,97,2.8,"65p6l4","p40","comp",2,0.666666666666667,1,6,16.31,2,0
"l4hscl",1575396000,"comp","p40","hde35odl0lhisjfn7gunt2fru6",1575395682,1575397016,22.2333333333333,33,"male","13","NA","1k_2k","correct","correct",96,97,50,58,100,98,4.3,"l4hscl","p40","comp",6.33333333333333,1,0.666666666666667,3,13.2,2,4.3
"0e3h4a",1575396000,"comp","p40","uslfdg8i8bu7v8g2srrdrmgst1",1575395736,1575396584,14.1333333333333,31,"male","16","employed","2k_3k","correct","correct",66,70,26,25,65,66,3.1,"0e3h4a","p40","comp",2,1,1,1,13.96,2,0
"1q80ga",1575396000,"comp","p40","esi4em52hhbevbapg8mgk7mld3",1575395736,1575396847,18.5166666666667,50,"female","18","employed","5k_x","correct","correct",94,97,64,3,100,100,3.3,"1q80ga","p40","comp",2,0.5,1,2,11.48,2,0
"9g68gv",1575396000,"comp","p40","g6t078trbtel1u2n71in5obh82",1575395749,1575396487,12.3,31,"male","16","selfemployed","4k_5k","correct","correct",100,100,100,73,49,49,2.8,"9g68gv","p40","comp",2.25,1,1,4,10.17,3,-0.8
"562og9",1575396000,"comp","p40","lleh41v2jdspakp5gmqb0pqlr7",1575395751,1575396684,15.55,56,"female","16","employed","1k_2k","correct","correct",81,84,22,2,90,65,4.1,"562og9","p40","comp",3.5,0.75,1,4,9.21,3,0.5
"3td6r3",1575396000,"comp","p40","sug62ko1elr0bcvqhsjmk7rhn7",1575395774,1575396976,20.0333333333333,34,"male","16","employed","2k_3k","correct","correct",77,76,95,93,96,100,3,"3td6r3","p40","comp",5.8,1,1,5,9.46,3,2.8
"526cpd",1575396000,"comp","p40","5k41pvg8pfojq95laj56joalt3",1575395780,1575396876,18.2666666666667,46,"female","16","employed","1k_2k","correct","correct",100,100,64,51,100,100,2.6,"526cpd","p40","comp",5.6,1,0.6,5,9.02,3,2.6
"575448",1575396000,"comp","p40","qfcb5b98iiv8gcl8r1gdqhbo73",1575395804,1575396545,12.35,42,"male","17","employed","2k_3k","correct","correct",63,66,52,3,84,85,2.7,"575448","p40","comp",2.5,0.5,0.5,2,10.29,3,-0.5
"8qekb0",1575396000,"comp","p40","eeb5so3asv5nmjoic5uh2pg3r4",1575395806,1575396490,11.4,40,"female","12","employed","3k_4k","correct","correct",100,100,100,0,100,100,2.3,"8qekb0","p40","comp",1,1,NA,2,17.4,2,-1
"g03b06",1575396000,"comp","p40","eqq2s83culg9elccc1pb41upk0",1575395810,1575396577,12.7833333333333,29,"male","12","selfemployed","0_1k","correct","correct",100,100,100,30,55,38,1.5,"g03b06","p40","comp",1.33333333333333,0.666666666666667,NA,3,20.44,2,-0.7
"03n92s",1575396000,"comp","p40","qefai4mat1hjrfk2rtappkiv81",1575395825,1575396492,11.1166666666667,38,"male","14","employed","2k_3k","correct","correct",100,100,54,17,100,100,2.8,"03n92s","p40","comp",4,1,1,1,10.52,3,1
"300ees",1575396000,"comp","p40","enqqqmp0e8uripbe8luimhglk6",1575395858,1575396934,17.9333333333333,32,"male","16","employed","3k_4k","correct","correct",80,16,38,25,92,92,1,"300ees","p40","comp",8,1,1,1,9.61,3,5
"98812g",1575396000,"comp","p40","nscsagbik7amfjnf22tgd2n4u3",1575395910,1575396978,17.8,37,"male","15","employed","1k_2k","correct","correct",94,94,62,52,92,98,1.4,"98812g","p40","comp",4.5,0.5,1,2,9.22,3,1.5
"8tjlp7",1575396000,"comp","p40","ih3o3r54n2huh4dk8c8vnj5lo5",1575395947,1575396492,9.08333333333333,37,"male","16","employed","3k_4k","correct","correct",92,92,74,27,96,95,3.3,"8tjlp7","p40","comp",2.75,1,1,4,8.54,3,-0.2
"16a1e1",1575406800,"comp","p40","68o2nmao7un8q80n0i1r4mucu1",1575406306,1575407624,21.9666666666667,36,"female","12","employed","5k_x","correct","correct",100,100,100,0,100,100,3.1,"16a1e1","p40","comp",2.5,1,1,2,12.36,2,0.5
"ov36d4",1575410400,"solo","p40","uvnb7j2kjuupg1qk3j6vse4h36",1575411353,1575411633,4.66666666666667,25,"male","11","employed","3k_4k","correct","correct",97,95,NA,NA,93,100,5,"ov36d4","p40","solo",1.75,0.625,0.666666666666667,0,4.79,3,-1.2
"ogbirg",1575399600,"comp","p00","l45lacntu25s58c07j474a4a97",1575398160,1575400502,39.0333333333333,32,"female","16","employed","1k_2k","correct","correct",90,86,17,6,100,100,2.9,"ogbirg","p00","comp",2,1,1,1,26.95,1,1
"96qkm7",1575399600,"comp","p00","0ahvf167apv5i4bne3ghojotu5",1575399515,1575400416,15.0166666666667,54,"male","16","employed","4k_5k","correct","correct",80,82,98,82,98,99,3.5,"96qkm7","p00","comp",2.5,1,1,4,21.1,1,1.5
"a2fbl7",1575399600,"comp","p00","euesjaq7p5k4jkpvl99jta3ra5",1575399343,1575400163,13.6666666666667,38,"male","14","unemployed","1k_2k","correct","correct",100,100,82,29,100,100,3,"a2fbl7","p00","comp",3.25,1,1,4,9.61,1,2.2
"pn7b46",1575399600,"comp","p00","d6lim317m1oh51ca34k0ahlp85",1575399349,1575400467,18.6333333333333,41,"female","14","employed","1k_2k","correct","correct",73,66,76,39,87,92,0.5,"pn7b46","p00","comp",2.33333333333333,1,1,3,21.1,1,1.3
"21g4it",1575399600,"comp","p00","kn3e8gn2kucqv8b743b3o6g4u4",1575399468,1575400430,16.0333333333333,32,"female","14","employed","3k_4k","correct","correct",82,96,94,77,100,100,0.4,"21g4it","p00","comp",3,1,1,4,25.62,1,2
"vgqnac",1575399600,"comp","p00","2l2jj647h7s0lkop1u0p9rq6v6",1575399552,1575400146,9.9,33,"female","15","employed","1k_2k","correct","correct",82,86,99,13,87,87,5,"vgqnac","p00","comp",2,1,1,2,12.1,1,1
"v0jqhe",1575403200,"solo","p00","j1vfeeojk3h3pfb5qduc9c03p5",1575400911,1575406286,89.5833333333333,71,"male","20","selfemployed","2k_3k","correct","correct",65,66,NA,NA,33,53,1.1,"v0jqhe","p00","solo",5.25,0.375,0.375,0,8.14,1,4.2
"imi8jh",1575406800,"comp","p40","drraqnvhtbjujpkfav5fn0agf3",1575406768,1575407751,16.3833333333333,23,"male","15","employed","0_1k","correct","correct",100,100,55,0,100,100,1,"imi8jh","p40","comp",4.66666666666667,0.333333333333333,1,3,11.86,2,2.7
"7ni83a",1575403200,"solo","p00","b7s33qri6aeivreqikt3t46s96",1575402902,1575403643,12.35,33,"male","16","employed","1k_2k","correct","correct",100,100,NA,NA,100,100,3.1,"7ni83a","p00","solo",4.25,0.75,0.857142857142857,0,3.38,1,3.2
"4sa191",1575403200,"solo","p00","1di1o3krr8cmk1maask857j4r0",1575402694,1575404049,22.5833333333333,40,"female","12","unemployed","0_1k","correct","correct",100,100,NA,NA,100,100,5,"4sa191","p00","solo",14.125,1,1,0,2.5,1,13.1
"fas29k",1575410400,"solo","p40","vvfgshql0bmdi6193eak7a0i77",1575402732,1575410864,135.533333333333,34,"female","12","unemployed","0_1k","correct","correct",100,100,NA,NA,100,100,1.5,"fas29k","p40","solo",7.5,0.875,1,0,2.55,4,3.5
"n6jsqr",1575403200,"solo","p00","u4nsr8jsmlc2p2c0pbfu8tem64",1575402749,1575403623,14.5666666666667,29,"male","12","selfemployed","0_1k","correct","correct",100,100,NA,NA,100,100,2.8,"n6jsqr","p00","solo",11.375,1,1,0,2,1,10.4
"k4aqn1",1575403200,"solo","p00","em0g6lfm01g2mt4876cm792cu2",1575402755,1575403814,17.65,38,"male","13","employed","2k_3k","correct","correct",93,90,NA,NA,93,74,2.7,"k4aqn1","p00","solo",9.25,1,1,0,2.59,1,8.2
"ioolul",1575403200,"solo","p00","lm0i2au5q5ib2hgr26s590dgk1",1575402925,1575403648,12.05,38,"male","14","employed","1k_2k","correct","correct",88,87,NA,NA,93,92,3.3,"ioolul","p00","solo",8.75,0.875,0.875,0,2.37,1,7.8
"n6qidg",1575403200,"solo","p00","jhnkf418mii15qg444e2mmpj87",1575402985,1575403888,15.05,50,"male","16","employed","5k_x","correct","correct",83,84,NA,NA,94,92,2.8,"n6qidg","p00","solo",14.25,1,1,0,2.82,1,13.2
"j1svqj",1575403200,"solo","p00","nispepmripndq80t2q2seq06m7",1575403108,1575404010,15.0333333333333,40,"female","17","employed","3k_4k","correct","correct",100,100,NA,NA,100,95,0.7,"j1svqj","p00","solo",15,1,1,0,2.7,1,14
"a5tvfp",1575406800,"comp","p40","rem0irc22996td7g14ctk70h05",1575403359,1575408099,79,42,"female","12","employed","3k_4k","correct","correct",100,100,9,3,99,97,3.2,"a5tvfp","p40","comp",NA,NA,NA,NA,33.08,1,NA
"qn51v3",1575406800,"comp","p40","4b5805jpoh2qpvmr9r59fuaog6",1575406113,1575407661,25.8,66,"male","14","unemployed","0_1k","correct","correct",100,100,100,0,100,100,2.1,"qn51v3","p40","comp",3,0.75,1,4,13.09,2,1
"f1cmde",1575406800,"comp","p40","gvclbakgb0jvukb20luor9nng0",1575406205,1575408070,31.0833333333333,35,"male","14","selfemployed","0_1k","correct","correct",91,87,10,40,67,72,3.9,"f1cmde","p40","comp",1,0.5,NA,8,60.62,1,0
"qtl6r9",1575406800,"comp","p40","cg5n0lk2iqsmfdbvguogbinl66",1575406253,1575407769,25.2666666666667,32,"female","18","employed","1k_2k","correct","correct",100,100,83,0,100,100,4.7,"qtl6r9","p40","comp",3.83333333333333,0.833333333333333,0.833333333333333,6,11,2,1.8
"7jfvuo",1575406800,"comp","p40","leb539he231ot5cq986f2p0c64",1575406299,1575407638,22.3166666666667,52,"male","14","unemployed","0_1k","correct","correct",100,68,80,28,100,74,2.1,"7jfvuo","p40","comp",2,0.833333333333333,0.8,6,13.69,2,0
"m1762c",1575406800,"comp","p40","mu642ac04k9nj9ini7tgm8hc56",1575406300,1575407440,19,40,"male","16","employed","5k_x","correct","correct",81,84,78,24,100,100,4.2,"m1762c","p40","comp",1.66666666666667,0.166666666666667,1,6,16.88,2,-0.3
"ot2f5t",1575406800,"comp","p40","dnlrcb4d0oin731eedpp8r5do5",1575406384,1575407574,19.8333333333333,39,"male","16","employed","2k_3k","correct","correct",94,94,90,66,100,100,1.7,"ot2f5t","p40","comp",2.66666666666667,0.333333333333333,1,3,12.08,2,0.7
"mra5lh",1575406800,"comp","p40","1v5h6si8si9f2e4dv9fl5i5qe4",1575406473,1575407603,18.8333333333333,41,"male","13","employed","2k_3k","correct","correct",100,47,100,0,100,100,2.9,"mra5lh","p40","comp",6,1,1,1,16.06,2,4
"r7r0lo",1575406800,"comp","p40","0jipgmjroohn2ofg7vi7bkhvo5",1575406511,1575407655,19.0666666666667,32,"male","16","employed","2k_3k","correct","correct",100,100,49,0,100,100,4.3,"r7r0lo","p40","comp",1.66666666666667,0.666666666666667,1,3,15.6,2,-0.3
"6fdnns",1575406800,"comp","p40","me5kicts9slrsus39i44iat9t6",1575406531,1575407565,17.2333333333333,30,"male","12","employed","2k_3k","correct","correct",95,77,78,98,82,82,1.3,"6fdnns","p40","comp",3.4,0.6,0.75,5,15,2,1.4
"rp83df",1575406800,"comp","p40","dt0eebf6og8dlkh87ff30n1i77",1575406579,1575408962,39.7166666666667,70,"female","12","selfemployed","0_1k","correct","correct",98,98,93,15,100,99,1,"rp83df","p40","comp",3,1,1,1,77.74,1,2
"p00ei5",1575406800,"comp","p40","r4bc9kiupei3u3528rhguv7203",1575406582,1575407888,21.7666666666667,59,"female","15","unemployed","3k_4k","correct","correct",100,100,83,0,100,100,2.1,"p00ei5","p40","comp",2.8,0.8,1,5,14.22,2,0.8
"e3mi0b",1575406800,"comp","p40","obfsvpjg7l2m360tabj6cul041",1575406589,1575407621,17.2,67,"male","14","employed","5k_x","correct","correct",87,91,37,20,96,95,2.4,"e3mi0b","p40","comp",4.66666666666667,0.666666666666667,1,3,11.2,2,2.7
"v5l957",1575406800,"comp","p40","vpsbg6gkivbqj1hv5miorp22u3",1575406616,1575407692,17.9333333333333,39,"female","16","employed","2k_3k","correct","correct",100,100,62,0,100,100,2.2,"v5l957","p40","comp",2.5,1,1,2,14.42,2,0.5
"385iaj",1575410400,"solo","p40","6n3gokvai086q15fv9om8n7od4",1575407036,1575412081,84.0833333333333,25,"male","16","employed","2k_3k","correct","correct",100,100,NA,NA,100,100,4.1,"385iaj","p40","solo",12.75,0.875,0.875,0,12.24,2,10.8
"h2eeha",1575414000,"comp","p20","c39a0ell6226rg8lpl2fs42ag7",1575407443,1575414832,123.15,28,"female","16","selfemployed","0_1k","correct","correct",77,75,17,6,98,95,2.6,"h2eeha","p20","comp",NA,NA,NA,NA,12.96,4,NA
"9olmn5",1575414000,"comp","p20","jehk0b1jtnsfjou4v70n9u5fl4",1575407535,1575415184,127.483333333333,27,"female","16","employed","1k_2k","correct","correct",86,96,86,85,100,99,3.2,"9olmn5","p20","comp",1.6,0.8,0.5,5,53.54,1,0.6
"qegrmc",1575410400,"solo","p40","sjhu4qsobrhscrr7ou1jedoct2",1575409731,1575411280,25.8166666666667,45,"male","12","selfemployed","0_1k","correct","correct",100,100,NA,NA,100,100,4.5,"qegrmc","p40","solo",26.75,1,1,0,2.29,5,21.8
"e0pmnl",1575410400,"solo","p40","m500vnc10pden10f01lrlcfrg4",1575409340,1575410755,23.5833333333333,33,"female","17","employed","5k_x","correct","correct",100,100,NA,NA,85,96,3.8,"e0pmnl","p40","solo",1.75,0.875,1,0,9.14,3,-1.2
"scj5ch",1575414000,"comp","p20","4a0ds6eeoh4kskd3ggi2ugtmu1",1575409847,1575414604,79.2833333333333,37,"male","12","employed","1k_2k","correct","correct",5,53,4,0,91,92,3.3,"scj5ch","p20","comp",NA,NA,NA,NA,15.41,3,NA
"40d2pf",1575410400,"solo","p40","mo9f33j99lhmv6rceva4juo4b2",1575409893,1575411048,19.25,30,"male","12","employed","2k_3k","correct","correct",100,100,NA,NA,93,100,5,"40d2pf","p40","solo",15,1,1,0,2.46,4,11
"44f4bb",1575410400,"solo","p40","ss00v96es7r5o7sioksgv544a1",1575409905,1575411311,23.4333333333333,55,"male","15","employed","5k_x","correct","correct",100,100,NA,NA,100,100,3.2,"44f4bb","p40","solo",24.75,1,1,0,2.35,4,20.8
"8jna1q",1575410400,"solo","p40","aqi6kh9vgl85prmt6u7539k4l2",1575409955,1575410785,13.8333333333333,30,"male","12","employed","1k_2k","correct","correct",100,86,NA,NA,100,100,1.3,"8jna1q","p40","solo",7.125,0.75,0.875,0,2.56,4,3.1
"vhdcd0",1575410400,"solo","p40","hl9vt7h4kaavesjbt82jo103n1",1575410181,1575410709,8.8,30,"female","18","employed","2k_3k","correct","correct",100,100,NA,NA,100,100,1.6,"vhdcd0","p40","solo",6.875,1,1,0,2.31,5,1.9
"ol5006",1575410400,"solo","p40","k9tfr0dogv56i6v4c65d25sle5",1575410198,1575411072,14.5666666666667,22,"male","4","employed","1k_2k","correct","correct",96,86,NA,NA,100,96,3.1,"ol5006","p40","solo",4.875,0.875,0.714285714285714,0,3.62,4,0.9
"3lus7l",1575414000,"comp","p20","hdqj014lqom1qir1e2orgvu503",1575410998,1575415315,71.95,51,"female","16","employed","5k_x","correct","correct",95,100,73,96,99,100,3.5,"3lus7l","p20","comp",3.25,0.25,1,4,29.52,1,2.2
"1vvf12",1575414000,"comp","p20","iu7f6en0qcr3jvhptj106dg046",1575411116,1575414861,62.4166666666667,35,"male","15","employed","1k_2k","correct","correct",100,100,100,0,100,100,2.9,"1vvf12","p20","comp",1.6,0.6,1,5,18.8,3,-1.4
"h4kf3l",1575414000,"comp","p20","7ud2mqg1sd1a2hbnhvki6d1ph0",1575414023,1575415272,20.8166666666667,46,"female","8","employed","NA","correct","correct",74,61,54,67,100,100,3,"h4kf3l","p20","comp",3,0.666666666666667,0.5,3,40.33,1,2
"0mqfe7",1575414000,"comp","p20","lqpd3t21qo2k0tre9ra3v665r7",1575412393,1575415205,46.8666666666667,26,"female","10","unemployed","0_1k","correct","correct",100,100,100,55,100,100,3,"0mqfe7","p20","comp",2.2,0.8,1,5,24.47,3,-0.8
"024fof",1575414000,"comp","p20","tc5e4mlmnqqf4p0jrop1tg8pp0",1575413123,1575414597,24.5666666666667,27,"female","12","unemployed","0_1k","correct","correct",88,92,95,2,90,97,3,"024fof","p20","comp",2.5,0.5,1,2,13.88,3,-0.5
"gefb9f",1575414000,"comp","p20","0rd5l7cuv6dh5bie9g4ogb9mk3",1575413420,1575415479,34.3166666666667,33,"male","16","unemployed","0_1k","correct","correct",90,83,56,32,78,98,3.3,"gefb9f","p20","comp",5,0,1,1,23.77,3,2
"rlggjl",1575414000,"comp","p20","dro2pj4tveso6u41rgqo3tiqv7",1575413752,1575414558,13.4333333333333,31,"female","14","employed","2k_3k","correct","correct",99,100,100,100,100,100,3,"rlggjl","p20","comp",2.125,0.25,1,8,15.47,3,-0.9
"ppaor6",1575414000,"comp","p20","qk6ji516ap81056o551g9l2da2",1575413812,1575414631,13.65,49,"male","15","employed","1k_2k","correct","correct",100,100,75,75,100,100,2.7,"ppaor6","p20","comp",2,0,NA,1,13.59,4,-2
"pcn8cu",1575414000,"comp","p20","f2a1f5rq7mau5kv6db75unr743",1575413857,1575414889,17.2,43,"female","21","employed","3k_4k","correct","correct",100,100,100,92,100,100,3,"pcn8cu","p20","comp",4,1,1,1,14.52,3,1
"e727e9",1575414000,"comp","p20","44tsso4jtuuosoao6hcpkj66h1",1575414367,1575415163,13.2666666666667,49,"female","18","employed","2k_3k","correct","correct",100,99,97,64,100,100,3.4,"e727e9","p20","comp",1.25,0.5,1,4,29.4,1,0.2
"f4bjod",1575471600,"comp","p00","n8in5dnqpk1lducpfe2u91mel1",1575470382,1575472114,28.8666666666667,38,"male","16","employed","2k_3k","correct","correct",83,94,53,68,100,100,3.5,"f4bjod","p00","comp",1,0.5,NA,2,29.33,1,0
"bql2hb",1575496800,"comp","p00","ira05n3kl39h162jldl3ve70c3",1575496210,1575497374,19.4,25,"male","18","student","0_1k","correct","correct",100,100,74,19,100,100,0.4,"bql2hb","p00","comp",4,1,1,2,10.19,1,3
"i9puh6",1575471600,"comp","p00","li7r7ds9kgp9c6j5qrei4o8us0",1575471116,1575472113,16.6166666666667,35,"male","12","employed","2k_3k","correct","correct",100,100,0,0,100,100,5.5,"i9puh6","p00","comp",2,1,1,4,12.5,1,1
"eudv8n",1575471600,"comp","p00","qeil94hn0g05reccesobjm3586",1575470050,1575472060,33.5,39,"female","16","employed","2k_3k","correct","correct",99,100,80,0,99,99,3.7,"eudv8n","p00","comp",NA,NA,NA,NA,14.73,1,NA
"c8insl",1575471600,"comp","p00","t844jrksodnm260q7upntcvh51",1575470652,1575472181,25.4833333333333,37,"female","12","selfemployed","1k_2k","correct","correct",100,100,83,0,100,100,2.7,"c8insl","p00","comp",2,1,1,2,12.4,1,1
"k7e2tp",1575471600,"comp","p00","giossd2gpaqlmb3oeci32l3iv1",1575470958,1575472154,19.9333333333333,26,"male","12","employed","2k_3k","correct","correct",92,95,66,19,67,79,4.8,"k7e2tp","p00","comp",1.5,0.75,1,4,18.31,1,0.5
"70eorp",1575471600,"comp","p00","6ctem9ithtotreed3emkfjjtv3",1575471100,1575472812,28.5333333333333,32,"male","15","employed","1k_2k","correct","correct",90,89,100,0,92,92,0.7,"70eorp","p00","comp",3.4,1,1,5,32.04,1,2.4
"goaq0v",1575471600,"comp","p00","dqbof3jpa8iog30nkll2t8qar5",1575471333,1575472099,12.7666666666667,26,"female","18","employed","2k_3k","correct","correct",100,100,79,0,100,84,3.3,"goaq0v","p00","comp",1,1,NA,1,14.82,1,0
"mpoptv",1575471600,"comp","p00","0vsh48bl5idrtar31fep85uc64",1575471350,1575472231,14.6833333333333,49,"male","13","employed","2k_3k","correct","correct",100,100,87,81,100,100,0.7,"mpoptv","p00","comp",NA,NA,NA,NA,10.08,1,NA
"tcnffc",1575471600,"comp","p00","ccv3brbp8g3270rhhrejm3t8j4",1575471495,1575472142,10.7833333333333,34,"male","16","employed","3k_4k","correct","correct",88,87,99,79,100,100,2.4,"tcnffc","p00","comp",3.25,0.75,1,4,9.74,1,2.2
"2hp2l3",1575478800,"solo","p00","as81qd69rl01umn65k23uf0t44",1575477667,1575479489,30.3666666666667,33,"female","15","selfemployed","0_1k","correct","correct",100,100,NA,NA,100,100,3.2,"2hp2l3","p00","solo",15.75,1,1,0,2.25,1,14.8
"54c8hs",1575471600,"comp","p00","uqg9vag010qktpr71025s8ve75",1575471674,1575472110,7.26666666666667,25,"male","12","employed","0_1k","correct","correct",100,100,100,0,100,100,0.5,"54c8hs","p00","comp",1.33333333333333,1,1,3,14.83,1,0.3
"jjukj6",1575471600,"comp","p00","rup765kljsbf9q9ut4q8gbli91",1575472008,1575472748,12.3333333333333,32,"female","15","unemployed","0_1k","correct","correct",74,82,58,11,97,98,3.2,"jjukj6","p00","comp",3,0,0,1,14.5,1,2
"h29eh4",1575478800,"solo","p00","mskiqdfav0gfme2cgslvhethk5",1575472800,1575479394,109.9,35,"male","18","employed","3k_4k","correct","correct",100,100,NA,NA,97,94,3.6,"h29eh4","p00","solo",12.625,1,1,0,2.55,1,11.6
"frnpdd",1575493200,"solo","p40","j1pvmjp2f42bu67iqcjqmao4p5",1575473620,1575498622,416.7,35,"female","14","employed","2k_3k","correct","correct",100,100,NA,NA,99,100,3.3,"frnpdd","p40","solo",2.25,1,0.666666666666667,0,3.67,4,-1.8
"oufevh",1575493200,"solo","p40","jrp7tndduvuo2vks4694hnmku2",1575492285,1575493634,22.4833333333333,21,"male","14","student","0_1k","correct","correct",100,100,NA,NA,100,100,3.1,"oufevh","p40","solo",7.5,0.875,1,0,1.77,5,2.5
"03ugt5",1575478800,"solo","p00","8lcct8l8v5n0h7ssqa9ej0fql3",1575477712,1575479608,31.6,31,"male","17","selfemployed","4k_5k","correct","correct",100,100,NA,NA,100,100,3,"03ugt5","p00","solo",22.5,0.875,0.875,0,2.11,1,21.5
"r67t7h",1575486000,"solo","p20","uboomcg79lkn93319en2sab744",1575485654,1575486847,19.8833333333333,50,"female","16","employed","2k_3k","correct","correct",100,100,NA,NA,100,100,2.7,"r67t7h","p20","solo",25.75,0.625,0.75,0,2.52,8,17.8
"rhukrq",1575475200,"comp","p20","8s95pteebpg0j5mi12ll7sk2n1",1575474995,1575475926,15.5166666666667,31,"male","19","employed","2k_3k","correct","correct",85,90,100,84,100,100,3.7,"rhukrq","p20","comp",2,0.833333333333333,0.2,6,24.5,3,-1
"jeujs4",1575478800,"solo","p00","d7mvgb3bmml8eielfsmv2klf60",1575475193,1575479450,70.95,39,"female","16","employed","3k_4k","correct","correct",100,100,NA,NA,100,100,1,"jeujs4","p00","solo",11.5,0.875,0.875,0,3.22,1,10.5
"lsgv1k",1575475200,"comp","p20","cgkcbb7astvgehs7egjgr0o0m7",1575475331,1575475981,10.8333333333333,49,"female","16","employed","4k_5k","correct","correct",54,57,47,8,87,84,2.7,"lsgv1k","p20","comp",2.66666666666667,0.333333333333333,0.666666666666667,3,13.82,3,-0.3
"sptf8j",1575478800,"solo","p00","ehoomd7ofs0ac0ahka80jpi691",1575478353,1575479687,22.2333333333333,35,"male","16","employed","5k_x","correct","correct",100,100,NA,NA,100,100,2.8,"sptf8j","p00","solo",14.125,1,1,0,4.77,1,13.1
"0b0rr7",1575478800,"solo","p00","tbk9a9v3h5emn7g5vmp0onrmq1",1575478389,1575479613,20.4,26,"female","12","selfemployed","0_1k","correct","correct",76,77,NA,NA,79,78,3,"0b0rr7","p00","solo",24.125,1,1,0,2.28,1,23.1
"9vj0hv",1575478800,"solo","p00","6g3dts39bnl31dhpn27es0obt0",1575478575,1575479520,15.75,58,"female","14","employed","4k_5k","correct","correct",100,100,NA,NA,100,100,2.7,"9vj0hv","p00","solo",13.125,1,1,0,3.14,1,12.1
"ffcu1u",1575478800,"solo","p00","r985h9vur355gnqfqqvqi8oag1",1575478723,1575479559,13.9333333333333,41,"female","16","employed","1k_2k","correct","correct",100,93,NA,NA,100,100,5.3,"ffcu1u","p00","solo",11.5,1,1,0,3.52,1,10.5
"4jekgr",1575482400,"comp","p00","stg178bgbqj39l3ncglugjb2p1",1575480006,1575482995,49.8166666666667,36,"male","12","employed","0_1k","correct","correct",27,27,78,77,52,51,3,"4jekgr","p00","comp",2.4,0.6,0.666666666666667,5,15.28,1,1.4
"losru3",1575482400,"comp","p00","pnadnnosbik6gluam59g6nrvu5",1575481169,1575482858,28.15,31,"male","12","employed","2k_3k","correct","correct",100,100,72,26,100,96,2.7,"losru3","p00","comp",2,0,0,2,16.08,1,1
"gmv1fs",1575482400,"comp","p00","e5gdkuvfimmlia166pmt3ieah4",1575482353,1575482840,8.11666666666667,36,"male","24","employed","2k_3k","correct","correct",77,90,91,89,90,88,1.5,"gmv1fs","p00","comp",1.6,0.8,1,5,12.57,1,0.6
"he9n0a",1575486000,"solo","p20","p7837nu22ju40oha45kfao80p6",1575483420,1575486621,53.35,58,"male","16","employed","1k_2k","correct","correct",100,100,NA,NA,100,100,5,"he9n0a","p20","solo",10.625,0.75,1,0,3.02,7,3.6
"8cjsgt",1575482400,"comp","p00","m2r061cmrfrn6e5rptts99s4i0",1575482061,1575483255,19.9,30,"male","13","employed","1k_2k","correct","correct",100,100,91,88,100,100,0.9,"8cjsgt","p00","comp",2.25,0.75,0,4,14.63,1,1.2
"ofil5g",1575482400,"comp","p00","grvfakbhc9ljbegm09m6v4nnl1",1575482085,1575483146,17.6833333333333,56,"female","12","employed","1k_2k","correct","correct",100,100,77,0,97,96,2.5,"ofil5g","p00","comp",3.66666666666667,0.666666666666667,0.666666666666667,3,12.08,1,2.7
"2c2amj",1575482400,"comp","p00","bhul9m0vqk9mn7n89o2f3pdop3",1575482106,1575483213,18.45,31,"female","18","employed","0_1k","correct","correct",100,100,100,1,100,100,1,"2c2amj","p00","comp",2.6,1,1,5,14.11,1,1.6
"tuo9st",1575482400,"comp","p00","c1395pftvlpvhh62pjd1cpfqn0",1575482253,1575483233,16.3333333333333,55,"female","12","selfemployed","0_1k","correct","correct",86,96,55,20,90,96,3.5,"tuo9st","p00","comp",5,1,1,2,9.7,1,4
"fsf038",1575482400,"comp","p00","6luotavnseg41s5rjl7vp05d24",1575482295,1575483052,12.6166666666667,30,"male","16","selfemployed","4k_5k","correct","correct",83,83,12,2,97,95,3.5,"fsf038","p00","comp",NA,NA,NA,NA,12.42,1,NA
"fr8k6a",1575482400,"comp","p00","b691lio7kd01qvh6r4bdoecd14",1575482299,1575483678,22.9833333333333,46,"female","17","unemployed","0_1k","correct","correct",91,92,50,3,100,100,3.5,"fr8k6a","p00","comp",4.5,0.75,1,4,24.44,1,3.5
"k6he2p",1575482400,"comp","p00","u6fm2n7hc3av211m1il3tni9k3",1575482339,1575483085,12.4333333333333,25,"male","16","employed","5k_x","correct","correct",100,100,100,14,100,100,1.4,"k6he2p","p00","comp",2.25,1,1,4,13.78,1,1.2
"lfmspm",1575496800,"comp","p00","7g061b83ks3vvd9r2bllc5uif1",1575484367,1575498184,230.283333333333,38,"female","17","employed","1k_2k","correct","correct",93,95,46,5,96,89,0.5,"lfmspm","p00","comp",2.25,0.5,0.5,4,27.48,1,1.2
"emv7hb",1575500400,"comp","p20","ggugh534rmj6ikti5hoq5seln4",1575499972,1575501158,19.7666666666667,37,"female","16","selfemployed","0_1k","correct","correct",100,29,83,13,100,100,3,"emv7hb","p20","comp",4,1,1,2,16.5,3,1
"v7tsu0",1575486000,"solo","p20","8hf0gfmm07m041inu9ntav2vv2",1575485513,1575486619,18.4333333333333,57,"female","12","employed","1k_2k","correct","correct",100,100,NA,NA,100,100,0.7,"v7tsu0","p20","solo",2.25,0.25,0.857142857142857,0,8.67,5,-2.8
"17t6f4",1575486000,"solo","p20","61sm790667e6vi62jqi5lb9c43",1575485558,1575486536,16.3,28,"male","13","selfemployed","0_1k","correct","correct",70,79,NA,NA,79,88,5,"17t6f4","p20","solo",12.5,0.75,1,0,2.46,8,4.5
"hl0toq",1575496800,"comp","p00","69bshq0r67494e2t226shta723",1575495845,1575497595,29.1666666666667,28,"male","12","unemployed","1k_2k","correct","correct",75,69,74,22,98,96,3.1,"hl0toq","p00","comp",2,1,1,3,24.65,1,1
"m625bv",1575486000,"solo","p20","oe2dkr2d978gfs1rks9giuhec3",1575485596,1575486892,21.6,47,"female","16","employed","4k_5k","correct","correct",96,95,NA,NA,95,94,3.8,"m625bv","p20","solo",16.875,1,1,0,3.12,7,9.9
"bieuac",1575486000,"solo","p20","b7avfc57do4amntbsdbkmus316",1575485645,1575487210,26.0833333333333,34,"male","14","employed","2k_3k","correct","correct",98,98,NA,NA,99,99,5.5,"bieuac","p20","solo",36.25,1,1,0,2.51,8,28.2
"q67keu",1575486000,"solo","p20","arc8p19reooihk51lkdnt9cdr2",1575485685,1575486493,13.4666666666667,35,"male","12","employed","1k_2k","correct","correct",87,0,NA,NA,100,100,4.6,"q67keu","p20","solo",13.375,0.875,1,0,2.07,8,5.4
"vsivhi",1575486000,"solo","p20","rc4c829fa6tbrgvl65if58lo72",1575485727,1575489327,60,62,"female","16","employed","1k_2k","correct","correct",100,100,NA,NA,100,100,2.3,"vsivhi","p20","solo",29.75,1,1,0,8.13,5,24.8
"o1okc1",1575486000,"solo","p20","0rphl983nmv3p111v4sl729gi5",1575485905,1575486826,15.35,32,"male","15","employed","2k_3k","correct","correct",83,98,NA,NA,97,96,5,"o1okc1","p20","solo",17.625,0.875,1,0,3.59,7,10.6
"fersan",1575486000,"solo","p20","417t5p37ph1tqrl0ekq1ad8i30",1575485911,1575486359,7.46666666666667,33,"male","16","employed","4k_5k","correct","correct",75,86,NA,NA,100,100,1.9,"fersan","p20","solo",6,0.625,1,0,2.44,8,-2
"i0ftto",1575486000,"solo","p20","v505omglldounc932k4mgq4jm4",1575485915,1575486634,11.9833333333333,32,"male","14","employed","3k_4k","correct","correct",100,99,NA,NA,100,100,5.8,"i0ftto","p20","solo",14.8333333333333,1,1,0,NA,NA,NA
"fogdg8",1575486000,"solo","p20","fgh3m03ar0nji6joa2r5jbtpk1",1575485919,1575486769,14.1666666666667,27,"female","12","selfemployed","0_1k","correct","correct",100,100,NA,NA,95,100,3.9,"fogdg8","p20","solo",20.625,1,1,0,2.32,8,12.6
"6m3boa",1575486000,"solo","p20","siagm4aavhn5n8mu7ifjb56103",1575485961,1575486588,10.45,60,"male","16","employed","4k_5k","correct","correct",98,100,NA,NA,100,99,5,"6m3boa","p20","solo",10.625,0.375,0.875,0,2.69,7,3.6
"gmgdeq",1575486000,"solo","p20","iqt5em8lt7pbo8jfgf5ohrv9n3",1575485964,1575487300,22.2666666666667,54,"male","16","selfemployed","2k_3k","correct","correct",100,100,NA,NA,100,100,3.2,"gmgdeq","p20","solo",26.75,1,1,0,2.49,8,18.8
"735baq",1575486000,"solo","p20","5lqcpujrg8i5dficmcnhrkin36",1575485967,1575486645,11.3,35,"female","17","employed","1k_2k","correct","correct",97,98,NA,NA,100,97,3.5,"735baq","p20","solo",16.25,0.875,1,0,2.48,8,8.2
"3c7mk7",1575486000,"solo","p20","rfs1agsbk79rqd53e7gacefsg4",1575485997,1575486301,5.06666666666667,36,"male","16","employed","1k_2k","correct","correct",89,92,NA,NA,90,92,3.5,"3c7mk7","p20","solo",2.25,0.25,1,0,4.78,6,-3.8
"00l860",1575496800,"comp","p00","6masok9ibd9u1ccuf4b3knhdt7",1575495965,1575497343,22.9666666666667,29,"male","16","employed","1k_2k","correct","correct",83,88,15,83,97,99,5.3,"00l860","p00","comp",1.66666666666667,0.666666666666667,1,3,10.3,1,0.7
"ab40gr",1575496800,"comp","p00","om0mgl9gfqc3r3to3eab6mb6f5",1575488074,1575497588,158.566666666667,29,"male","16","employed","1k_2k","correct","correct",46,49,46,51,52,56,0.4,"ab40gr","p00","comp",4,0.5,0.5,2,14.29,1,3
"9okm2c",1575496800,"comp","p00","55me20mdef7907s6ln7opatp02",1575490706,1575497766,117.666666666667,63,"male","15","employed","5k_x","correct","correct",85,84,46,12,93,93,2.9,"9okm2c","p00","comp",6,1,1,2,11.32,1,5
"akf6nv",1575496800,"comp","p00","8jqdi6ce434217uv50ik3ba0n7",1575491516,1575497698,103.033333333333,47,"female","14","selfemployed","1k_2k","correct","correct",81,79,67,86,100,100,3.3,"akf6nv","p00","comp",NA,NA,NA,NA,12.38,1,NA
"7sarul",1575496800,"comp","p00","a8kd201qbc1hadg2hgoa5dutv2",1575496083,1575497338,20.9166666666667,34,"male","15","employed","5k_x","correct","correct",100,100,0,0,100,46,3.4,"7sarul","p00","comp",1.5,1,1,2,15.29,1,0.5
"8778r1",1575493200,"solo","p40","kd062a1oqqee0kedvmro9g1dt1",1575492233,1575494174,32.35,54,"male","18","employed","5k_x","correct","correct",100,100,NA,NA,100,100,3.9,"8778r1","p40","solo",26.875,1,1,0,2.5,4,22.9
"gfuftp",1575496800,"comp","p00","ng7glhdh5bsgqtppno1teqk4f1",1575492369,1575497333,82.7333333333333,30,"female","15","selfemployed","1k_2k","correct","correct",100,82,88,19,100,100,5.1,"gfuftp","p00","comp",2,1,1,3,10.83,1,1
"rfmi9m",1575496800,"comp","p00","dag948krf1erert56eq8rcr776",1575492692,1575497290,76.6333333333333,30,"male","16","employed","4k_5k","correct","correct",54,53,46,63,76,73,5.3,"rfmi9m","p00","comp",3,1,1,5,11.82,1,2
"cqtkd0",1575493200,"solo","p40","1bkttttneo99ec1jdohh7aih35",1575492778,1575494333,25.9166666666667,59,"female","13","unemployed","1k_2k","correct","correct",100,100,NA,NA,96,93,1.2,"cqtkd0","p40","solo",36.25,1,1,0,2.26,5,31.2
"9onusr",1575493200,"solo","p40","hqo8cv7hsabcj7at6igak3pbs3",1575492865,1575493830,16.0833333333333,52,"female","16","unemployed","0_1k","correct","correct",100,99,NA,NA,100,100,3.4,"9onusr","p40","solo",14.75,0.875,1,0,2.23,5,9.8
"nikiqv",1575493200,"solo","p40","hbg6f7idgat8jfd7c644fvmjq4",1575492927,1575493774,14.1166666666667,31,"female","16","unemployed","0_1k","correct","correct",97,87,NA,NA,100,98,3.4,"nikiqv","p40","solo",19.625,0.875,1,0,1.93,5,14.6
"lh5vl6",1575493200,"solo","p40","4c47akthe63krp31pa5gq4oh51",1575492930,1575493791,14.35,39,"male","16","employed","4k_5k","correct","correct",100,100,NA,NA,100,100,2.9,"lh5vl6","p40","solo",8.5,1,1,0,3.01,4,4.5
"e923di",1575493200,"solo","p40","uejhtk1qn7ac6civi2eq0rt2b0",1575493005,1575493881,14.6,30,"male","16","employed","3k_4k","correct","correct",98,32,NA,NA,96,99,3.9,"e923di","p40","solo",16.375,1,1,0,2.79,4,12.4
"kd199c",1575493200,"solo","p40","kjj4dl519v4evhpcovsj86cb54",1575493094,1575494093,16.65,35,"female","16","employed","2k_3k","correct","correct",100,100,NA,NA,100,100,3.7,"kd199c","p40","solo",21,1,1,0,2.57,4,17
"19jb0n",1575493200,"solo","p40","f42h2948erv8d3jvg00r0apeo5",1575493179,1575495459,38,47,"male","20","employed","4k_5k","correct","correct",100,99,NA,NA,99,100,2.7,"19jb0n","p40","solo",17.25,0.75,1,0,6.16,3,14.2
"0pflio",1575493200,"solo","p40","81g1720ses8h6423u2u9dvhc03",1575493338,1575494040,11.7,31,"female","15","employed","2k_3k","correct","correct",78,81,NA,NA,80,100,3.8,"0pflio","p40","solo",9.875,0.75,0.875,0,4.44,4,5.9
"q81ldd",1575496800,"comp","p00","jik3in6ld88v9ff90la666q2k0",1575495240,1575497308,34.4666666666667,22,"female","12","selfemployed","1k_2k","correct","correct",81,81,63,10,96,94,5.3,"q81ldd","p00","comp",2,0,0,1,13.7,1,1
"f070b0",1575500400,"comp","p20","n3urulduus641n0taob6usaet5",1575499601,1575501010,23.4833333333333,31,"male","23","employed","5k_x","correct","correct",81,84,98,99,98,98,3.2,"f070b0","p20","comp",2.25,0.5,1,4,17,3,-0.8
"eu0eij",1575496800,"comp","p00","i2nt2mkptqkuli7cof7u1ebtf4",1575496407,1575497451,17.4,44,"male","16","employed","4k_5k","correct","correct",100,100,100,0,100,100,1,"eu0eij","p00","comp",2.33333333333333,1,1,3,14.89,1,1.3
"1nbvuf",1575496800,"comp","p00","dqjscpeiv8goindvc43fgbvsd0",1575496113,1575497611,24.9666666666667,55,"female","14","employed","2k_3k","correct","correct",100,100,100,100,100,100,3,"1nbvuf","p00","comp",2,0.666666666666667,1,3,14.17,1,1
"vnatu0",1575496800,"comp","p00","vh5kci7so8t8ckt79cfabebgt7",1575496222,1575497369,19.1166666666667,40,"male","16","employed","3k_4k","correct","correct",100,100,100,0,100,69,0.4,"vnatu0","p00","comp",2,0.666666666666667,1,3,14.21,1,1
"trtmt8",1575496800,"comp","p00","71absevo861ilc2f2kb8fbphl6",1575496329,1575497755,23.7666666666667,39,"male","16","employed","3k_4k","correct","correct",95,91,81,3,93,91,2.8,"trtmt8","p00","comp",2.66666666666667,1,1,3,14,1,1.7
"2f01nf",1575496800,"comp","p00","6cedvd844q6ruhf6l0smmif3b5",1575496396,1575497648,20.8666666666667,31,"female","16","employed","5k_x","correct","correct",100,100,82,26,100,100,1,"2f01nf","p00","comp",4.33333333333333,1,1,3,12.66,1,3.3
"vti3ii",1575496800,"comp","p00","l48b1505mqaic4ogml3aca07n7",1575496476,1575497354,14.6333333333333,31,"male","14","unemployed","0_1k","correct","correct",100,100,100,0,100,100,0.7,"vti3ii","p00","comp",1.2,0.4,1,5,14.38,1,0.2
"38488p",1575496800,"comp","p00","0dur8dvhq0dui1p5tvac7e0e15",1575496479,1575497338,14.3166666666667,42,"female","14","employed","0_1k","correct","correct",100,100,100,0,100,100,0.7,"38488p","p00","comp",1.5,0.75,1,4,11.5,1,0.5
"toe5ho",1575496800,"comp","p00","e03a27ljo3ukeehpl7db3dlpk0",1575496516,1575497588,17.8666666666667,40,"female","14","employed","2k_3k","correct","correct",88,88,68,21,92,92,3.5,"toe5ho","p00","comp",3,0.5,1,2,19.95,1,2
"icqtk4",1575496800,"comp","p00","j1ehtcjf778dl16vuok9rhkji1",1575496523,1575498425,31.7,60,"male","14","unemployed","0_1k","correct","correct",78,78,81,3,98,98,3.1,"icqtk4","p00","comp",7.66666666666667,1,1,3,9.51,1,6.7
"8a4mtd",1575496800,"comp","p00","htk9ebhbr6k7hqtd3sf2gmc5h2",1575496545,1575497497,15.8666666666667,22,"male","16","selfemployed","1k_2k","correct","correct",72,100,0,0,100,100,5.3,"8a4mtd","p00","comp",2,0.5,1,2,15.61,1,1
"gjp0dr",1575496800,"comp","p00","tm9aqfh6dkbg18u6cvidg4sab1",1575496550,1575497506,15.9333333333333,32,"female","12","employed","0_1k","correct","correct",100,100,100,98,100,100,3.3,"gjp0dr","p00","comp",2.4,1,1,5,15.61,1,1.4
"vin0r6",1575496800,"comp","p00","pv5d1ljq4qk1hipqbe1d66c143",1575496568,1575497460,14.8666666666667,22,"male","12","employed","2k_3k","correct","correct",88,76,64,23,89,90,2.8,"vin0r6","p00","comp",2.33333333333333,1,1,3,15.89,1,1.3
"2k9il5",1575496800,"comp","p00","519jrdcmc1tfodp2q3hdkhdq40",1575496569,1575497393,13.7333333333333,30,"male","14","employed","2k_3k","correct","correct",89,95,87,0,100,100,3.2,"2k9il5","p00","comp",2.33333333333333,0.666666666666667,0.5,3,14.33,1,1.3
"de1sqq",1575496800,"comp","p00","506rmjigjs26chbp6kgi5bjdo0",1575496586,1575497617,17.1833333333333,46,"female","14","employed","1k_2k","correct","correct",100,100,0,0,100,100,3,"de1sqq","p00","comp",2.25,0.75,0.75,4,14.23,1,1.2
"hcv62l",1575496800,"comp","p00","0meon461p2gjdu0acilagmm3f7",1575496642,1575497379,12.2833333333333,43,"male","22","employed","5k_x","correct","correct",76,76,98,87,71,81,3,"hcv62l","p00","comp",2,1,1,3,10.15,1,1
"m6oh4q",1575500400,"comp","p20","9jnc94dmpi72h5l199n5i68oj0",1575500146,1575501001,14.25,33,"male","16","employed","4k_5k","correct","correct",98,100,100,100,100,100,1.8,"m6oh4q","p20","comp",1,0.5,NA,2,21.27,3,-2
"6g2r3p",1575500400,"comp","p20","idcmq8t5krl27bcidmingvho46",1575497167,1575501346,69.65,34,"female","12","selfemployed","0_1k","correct","correct",100,100,100,100,100,100,2.6,"6g2r3p","p20","comp",1.33333333333333,0.666666666666667,NA,6,53.7,1,0.3
"5t8bn4",1575500400,"comp","p20","9dhhcu6nk0322qucvbcjee9gj0",1575499655,1575502631,49.6,33,"female","14","employed","1k_2k","correct","correct",100,100,49,0,100,100,3.1,"5t8bn4","p20","comp",3.75,0.25,0.333333333333333,4,46.97,1,2.8
"24re39",1575500400,"comp","p20","vdipl2cdd7k22sdpk166dtv953",1575499813,1575501022,20.15,NA,"","","","","correct","correct",96,94,70,22,90,95,3,"24re39","p20","comp",1,0.5,NA,2,25.62,3,-2
"5omhsk",1575500400,"comp","p20","q1bg8mtmdpmegj7ljsvpthcah7",1575499854,1575501116,21.0333333333333,49,"female","16","employed","5k_x","correct","correct",87,88,63,21,96,96,4.6,"5omhsk","p20","comp",2,0.5,1,2,37.89,1,1
"53q5mq",1575500400,"comp","p20","j12ocukasts4jdrv017lnu25i1",1575500451,1575501184,12.2166666666667,36,"male","13","unemployed","0_1k","correct","correct",90,92,74,62,92,98,4.6,"53q5mq","p20","comp",1,0.666666666666667,NA,3,43.25,1,0
"2l2cki",1575500400,"comp","p20","e36i0bn6mnesa1e4e4c9303st7",1575499893,1575501380,24.7833333333333,70,"female","13","employed","3k_4k","correct","correct",100,100,29,70,100,100,3.7,"2l2cki","p20","comp",1,0,NA,1,44.83,1,0
"7kj25a",1575500400,"comp","p20","e116r3lirh9tdvflu3cfc84jb4",1575500071,1575501502,23.85,26,"male","12","unemployed","0_1k","correct","correct",100,52,93,21,88,93,3.5,"7kj25a","p20","comp",1.33333333333333,1,NA,3,41.46,1,0.3
"ijbmhe",1575500400,"comp","p20","rd3vbl0ctf342bn45inpo3k5g3",1575500128,1575502632,41.7333333333333,32,"female","14","unemployed","3k_4k","correct","correct",100,100,79,15,100,100,2.4,"ijbmhe","p20","comp",5,0.75,0.666666666666667,4,51.75,1,4
"f4h4cu",1575500400,"comp","p20","vlelthpd5bj9nu79fuaq0108f6",1575500202,1575500929,12.1166666666667,41,"female","18","employed","0_1k","correct","correct",100,100,100,0,100,100,3.3,"f4h4cu","p20","comp",1,0.5,NA,4,20.82,3,-2
"fem7c5",1575500400,"comp","p20","8q9jr9992usmocturdi1j1jkn2",1575500310,1575501623,21.8833333333333,51,"female","16","employed","1k_2k","correct","correct",78,79,28,85,99,100,3.2,"fem7c5","p20","comp",1,1,NA,3,59.56,1,0
"tk16jq",1575565200,"solo","p40","36rpcok065avf6qbb744o8nk24",1575542238,1575566255,400.283333333333,39,"male","17","employed","0_1k","correct","correct",100,100,NA,NA,100,100,4.5,"tk16jq","p40","solo",12.2857142857143,1,1,0,NA,NA,NA
"189ks8",1575558000,"comp","p40","110ps9emc9roq3vcps1dpbjjs2",1575557338,1575558480,19.0333333333333,25,"male","16","employed","3k_4k","correct","correct",80,82,85,86,89,98,2.3,"189ks8","p40","comp",1,0,NA,1,19.2,2,-1
"0ne5da",1575554400,"comp","p00","n8iv22f12hur5ns2t8euesl9s0",1575554047,1575555123,17.9333333333333,56,"male","18","employed","5k_x","correct","correct",100,100,84,20,100,100,2.3,"0ne5da","p00","comp",2.66666666666667,0.666666666666667,0.666666666666667,3,14.33,1,1.7
"la9pg3",1575561600,"solo","p20","a0srv5silfpcrkdpi6j4952vq7",1575561338,1575562773,23.9166666666667,33,"male","12","employed","2k_3k","correct","correct",100,100,NA,NA,100,100,3.1,"la9pg3","p20","solo",25,0.625,1,0,2.04,8,17
"213hl5",1575554400,"comp","p00","crmlguegpigr9s0dsbmrff0mi6",1575554120,1575555094,16.2333333333333,46,"male","16","employed","5k_x","correct","correct",100,100,98,3,100,100,3.2,"213hl5","p00","comp",2,0.75,0.75,4,13.44,1,1
"q5rej8",1575554400,"comp","p00","4ailbrm041qe87nfree73g8j23",1575554447,1575555612,19.4166666666667,60,"male","21","retired","5k_x","correct","correct",97,99,93,68,94,96,3.3,"q5rej8","p00","comp",6.4,1,1,5,15.29,1,5.4
"ug1ijg",1575558000,"comp","p40","tbo1n287poqcqqlr9jngbfc667",1575556482,1575558471,33.15,44,"female","16","employed","0_1k","correct","correct",90,98,99,84,94,92,5.1,"ug1ijg","p40","comp",1.66666666666667,0.333333333333333,NA,3,19.7,2,-0.3
"6gf0i2",1575561600,"solo","p20","80fqt9ukqaq9jdj8pcjto0v4o2",1575560380,1575562308,32.1333333333333,41,"male","21","employed","3k_4k","correct","correct",93,93,NA,NA,94,95,5.1,"6gf0i2","p20","solo",4.375,0.625,1,0,7.77,5,-0.6
"sehrtm",1575561600,"solo","p20","4917g7mj4nagrja5h77li8pmp5",1575561001,1575562075,17.9,70,"male","15","retired","2k_3k","correct","correct",58,62,NA,NA,78,77,1,"sehrtm","p20","solo",4,0.375,0.75,0,4.75,6,-2
"7vn97t",1575561600,"solo","p20","tm92avklrnbmc1fpd2tvaej3f1",1575561394,1575562075,11.35,27,"female","14","employed","1k_2k","correct","correct",77,57,NA,NA,85,74,4.5,"7vn97t","p20","solo",12.75,0.875,1,0,2.45,8,4.8
"gb5ree",1575565200,"solo","p40","rimcg024dpvj3h53gkudt65q11",1575564260,1575566140,31.3333333333333,29,"female","16","student","0_1k","correct","correct",98,70,NA,NA,85,93,3.9,"gb5ree","p40","solo",20.125,1,1,0,2.99,4,16.1
"mp9ndn",1575568800,"comp","p00","phg7na93vqqj54kv80d27d99d7",1575564531,1575569543,83.5333333333333,70,"male","14","retired","4k_5k","correct","correct",100,100,0,0,100,100,0.6,"mp9ndn","p00","comp",1.33333333333333,0.666666666666667,1,3,NA,NA,NA
"r4ms9g",1575568800,"comp","p00","pni4df2bekqhoe1upr4mul1qs1",1575568000,1575569446,24.1,21,"male","13","student","0_1k","correct","correct",77,50,50,15,81,72,3,"r4ms9g","p00","comp",2.33333333333333,1,1,3,13.47,1,1.3
"fcb74s",1575568800,"comp","p00","0pg8nlrfcmev0dim5dp7peo1p4",1575568296,1575569429,18.8833333333333,59,"male","16","employed","2k_3k","correct","correct",99,99,100,2,100,100,2.5,"fcb74s","p00","comp",2.2,1,1,5,11.94,1,1.2
"7umnqd",1575568800,"comp","p00","52fqrlptd8o5io8n1pra9qjmv5",1575568316,1575569518,20.0333333333333,39,"female","15","selfemployed","0_1k","correct","correct",100,100,49,0,100,100,5,"7umnqd","p00","comp",5,1,1,2,8.22,1,4
"kre5ji",1575568800,"comp","p00","egt2vqqcspvdnaekfm4kv60bd2",1575568367,1575569482,18.5833333333333,47,"male","16","employed","3k_4k","correct","correct",74,88,74,99,100,100,2.7,"kre5ji","p00","comp",4.75,0.75,0.75,4,9.08,1,3.8
"ghqone",1575568800,"comp","p00","vflt9n062ut6qblnjdrbf4uk74",1575568587,1575569436,14.15,26,"female","14","selfemployed","1k_2k","correct","correct",99,98,54,16,98,98,1.4,"ghqone","p00","comp",NA,NA,NA,NA,11.04,1,NA
"l8nk65",1575568800,"comp","p00","irg7opbvicec05fffddlkn7ja0",1575568595,1575569859,21.0666666666667,47,"male","12","selfemployed","0_1k","correct","correct",100,100,91,10,100,100,3,"l8nk65","p00","comp",5,1,1,2,8.82,1,4
